Workbook

Sheet Know Your Student
A1: Know Your Student
C3: Select Student | F3: Sara Jenkins
B5: Student Information | E5: Attendance Summary | H5: Exam Summary
B6: Name | C6: =VLOOKUP($F$3, 'Students Record'!$A$1:$G$27, 1,FALSE) -> Sara Jenkins | E6: No. of Class Duration | F6: =SUM(F7:F9) -> 31 | H6: Date of Exam | I6: =Exams!E1 -> 46042
B7: Class | C7: =VLOOKUP($F$3, 'Students Record'!$A$1:$G$27, 2,FALSE) -> 4 | E7: No. of Present | F7: =_xlfn.XLOOKUP($F$3, Attendance!$A$3:$A$28, Attendance!AJ3:AJ28) -> 27 | H7: Full Mark | I7: =_xlfn.XLOOKUP($F$3, Exams!$A$3:$A$28, Exams!$E$3:$E$28) -> 30
B8: Section | C8: =VLOOKUP($F$3, 'Students Record'!$A$1:$G$27, 3,FALSE) -> B | E8: No. of Escape | F8: =_xlfn.XLOOKUP($F$3, Attendance!$A$3:$A$28, Attendance!$AK$3:$AK$28) -> 2 | H8: Pass Mark | I8: =_xlfn.XLOOKUP($F$3, Exams!$A$3:$A$28, Exams!$F$3:$F$28) -> 10.5
B9: Subject | C9: =VLOOKUP($F$3, 'Students Record'!$A$1:$G$27, 4,FALSE) -> Math | E9: No. of Absent | F9: =_xlfn.XLOOKUP($F$3, Attendance!$A$3:$A$28, Attendance!$AL$3:$AL$28) -> 2 | H9: Obtained Mark | I9: =_xlfn.XLOOKUP($F$3, Exams!$A$3:$A$28, Exams!$G$3:$G$28) -> 27
B10: Teacher | C10: =VLOOKUP($F$3, 'Students Record'!$A$1:$G$27, 5,FALSE) -> Mr. Peterson | E10: Attendance % | F10: =$F$7/$F$6*100 -> 87.096774 | H10: Remarks | I10: =_xlfn.XLOOKUP($C$6, Exams!$A$3:$A$28, Exams!$H$3:$H$28) -> Outstanding
B11: Classroom | C11: =VLOOKUP($F$3, 'Students Record'!$A$1:$G$27, 6,FALSE) -> Room 401
B12: Current Status | C12: =VLOOKUP($F$3, 'Students Record'!$A$1:$G$27, 7,FALSE) -> Continue | E12: Quick Links | H12: Tearcher Name | I12: Teaching Subject
E13: Name | F13: Link | H13: Mr. Peterson | I13: Math
B14: What's Happening? | E14: Class Routine | F14: Click here!!! | H14: Dr. Aris | I14: Science
B15: Date | C15: Activity Name | E15: New Student Record | F15: Click here!!! | H15: Mrs. Curie | I15: Social
B16: =MAX('What''s Happening '!A:A) -> 45688 | C16: {=_xlfn.XLOOKUP($B$16,'What''s Happening '!$A$3:$A$1048576,_xlfn.XLOOKUP('Know Your Student'!$C$9,'What''s Happening '!$B$2:$E$2,'What''s Happening '!B3:E1048576))} -> Algebra | E16: Exit Student Record | F16: Click here!!! | H16: Mr. Shakespeare | I16: English
C33: Algebra

Sheet Functional Sheet
A1: Arjun Mehta
A2: Sara Jenkins
A3: Leo Maxwell
A4: Zoe Rivera
A5: Kevin Vance
A6: Elena Gilbert
A7: Marcus Thorne
A8: Ivy Watson
A9: Oscar Wilde
A10: Nina Simone
A11: Ryan Cooper
A12: Maya Angelou
... A23: Selina Kyle

Sheet Students Record
A1: Students Name | B1: Class | C1: Section | D1: Subject | E1: Teacher Name | F1: Classroom | G1: Status
A2: Arjun Mehta | B2: 4 | C2: A | D2: Math | E2: Mr. Peterson | F2: Room 401 | G2: Continue | M2: List
A3: Sara Jenkins | B3: 4 | C3: B | D3: Math | E3: Mr. Peterson | F3: Room 401 | G3: Continue | M3: Continue
A4: Leo Maxwell | B4: 4 | C4: A | D4: Math | E4: Mr. Peterson | F4: Room 401 | G4: Continue | M4: Discontinue
A5: Zoe Rivera | B5: 4 | C5: B | D5: Math | E5: Mr. Peterson | F5: Room 401 | G5: Discontinue | M5: Completed
A6: Kevin Vance | B6: 4 | C6: A | D6: Math | E6: Mr. Peterson | F6: Room 401 | G6: Completed
A8: Elena Gilbert | B8: 5 | C8: A | D8: Science | E8: Dr. Aris | F8: Lab 5 | G8: Discontinue
A9: Marcus Thorne | B9: 5 | C9: B | D9: Science | E9: Dr. Aris | F9: Lab 5 | G9: Continue
A10: Ivy Watson | B10: 5 | C10: A | D10: Science | E10: Dr. Aris | F10: Lab 5 | G10: Continue
A11: Oscar Wilde | B11: 5 | C11: B | D11: Science | E11: Dr. Aris | F11: Lab 5 | G11: Discontinue
A12: Nina Simone | B12: 5 | C12: A | D12: Science | E12: Dr. Aris | F12: Lab 5 | G12: Completed
A13: Ryan Cooper | B13: 6 | C13: A | D13: Science | E13: Dr. Aris | F13: Lab 5 | G13: Continue
A15: Maya Angelou | B15: 6 | C15: B | D15: Social | E15: Mrs. Curie | F15: Room 603 | G15: Continue
A16: Felix Lighter | B16: 6 | C16: C | D16: Social | E16: Mrs. Curie | F16: Room 603 | G16: Continue
A17: Sienna Miller | B17: 6 | C17: A | D17: Social | E17: Mrs. Curie | F17: Room 603 | G17: Completed
A18: Victor Hugo | B18: 6 | C18: B | D18: Social | E18: Mrs. Curie | F18: Room 603 | G18: Completed
A19: Diana Prince | B19: 6 | C19: C | D19: Social | E19: Mrs. Curie | F19: Room 603 | G19: Continue
... A27: Selina Kyle | B27: 7 | C27: C | D27: English | E27: Mr. Shakespeare | F27: Clubhouse | G27: Completed

Sheet Attendance
A1: Students Name | B1: Class | C1: Section | D1: Subject | E1: Month | N1: Month | Z1: Month | AJ1: Total
E2: 45658 | F2: 45659 | G2: 45660 | H2: 45661 | I2: 45662 | J2: 45663 | K2: 45664 | L2: 45665 | M2: 45666 | N2: 45667 | O2: 45668 | P2: 45669 | Q2: 45670 | R2: 45671 | S2: 45672 | T2: 45673 | U2: 45674 | V2: 45675 | W2: 45676 | X2: 45677 | Y2: 45678 | Z2: 45679 | AA2: 45680 | AB2: 45681 | AC2: 45682 | AD2: 45683 | AE2: 45684 | AF2: 45685 | AG2: 45686 | AH2: 45687 | AI2: 45688 | AJ2: Present | AK2: Escape | AL2: Absent
A3: Arjun Mehta | B3: 4 | C3: A | D3: Math | E3: Present | F3: Present | G3: Present | H3: Present | I3: Present | J3: Present | K3: Present | L3: Present | M3: Present | N3: Present | O3: Present | P3: Present | Q3: Present | R3: Present | S3: Present | T3: Present | U3: Escape | V3: Present | W3: Present | X3: Present | Y3: Present | Z3: Present | AA3: Present | AB3: Present | AC3: Present | AD3: Escape | AE3: Present | AF3: Present | AG3: Present | AH3: Absent | AI3: Escape | AJ3: =COUNTIF(E3:AI3, "Present") -> 27 | AK3: =COUNTIF(E3:AI3, "Escape") -> 3 | AL3: =COUNTIF(F3:AJ3, "Absent") -> 1 | AN3: Class/Criteria | AO3: Class Duration
A4: Sara Jenkins | B4: 4 | C4: B | D4: Math | E4: Present | F4: Present | G4: Present | H4: Present | I4: Present | J4: Present | K4: Present | L4: Present | M4: Absent | N4: Present | O4: Present | P4: Present | Q4: Present | R4: Present | S4: Present | T4: Present | U4: Present | V4: Present | W4: Present | X4: Present | Y4: Present | Z4: Present | AA4: Present | AB4: Present | AC4: Present | AD4: Escape | AE4: Escape | AF4: Present | AG4: Present | AH4: Absent | AI4: Present | AJ4: =COUNTIF(E4:AI4, "Present") -> 27 | AK4: =COUNTIF(E4:AI4, "Escape") -> 2 | AL4: =COUNTIF(F4:AJ4, "Absent") -> 2 | AN4: Class 4 | AO4: =SUM(AJ3:AL3) -> 31
A5: Leo Maxwell | B5: 4 | C5: A | D5: Math | E5: Present | F5: Present | G5: Present | H5: Absent | I5: Present | J5: Present | K5: Present | L5: Present | M5: Absent | N5: Present | O5: Present | P5: Present | Q5: Absent | R5: Present | S5: Present | T5: Present | U5: Present | V5: Present | W5: Present | X5: Present | Y5: Present | Z5: Present | AA5: Absent | AB5: Present | AC5: Present | AD5: Present | AE5: Present | AF5: Present | AG5: Escape | AH5: Present | AI5: Present | AJ5: =COUNTIF(E5:AI5, "Present") -> 26 | AK5: =COUNTIF(E5:AI5, "Escape") -> 1 | AL5: =COUNTIF(F5:AJ5, "Absent") -> 4 | AN5: Class 5 | AO5: =SUM(AJ11:AL11) -> 31
A6: Zoe Rivera | B6: 4 | C6: B | D6: Math | E6: Absent | F6: Present | G6: Present | H6: Present | I6: Present | J6: Escape | K6: Present | L6: Present | M6: Present | N6: Present | O6: Present | P6: Present | Q6: Present | R6: Present | S6: Present | T6: Present | U6: Present | V6: Present | W6: Present | X6: Present | Y6: Present | Z6: Present | AA6: Present | AB6: Present | AC6: Present | AD6: Present | AE6: Present | AF6: Present | AG6: Present | AH6: Present | AI6: Present | AJ6: =COUNTIF(E6:AI6, "Present") -> 29 | AK6: =COUNTIF(E6:AI6, "Escape") -> 1 | AL6: =COUNTIF(F6:AJ6, "Absent") -> 0 | AN6: Class 6 | AO6: =SUM(AJ17:AL17) -> 31
A7: Kevin Vance | B7: 4 | C7: A | D7: Math | E7: Present | F7: Present | G7: Present | H7: Present | I7: Present | J7: Present | K7: Present | L7: Present | M7: Escape | N7: Present | O7: Present | P7: Absent | Q7: Present | R7: Present | S7: Present | T7: Present | U7: Present | V7: Present | W7: Present | X7: Present | Y7: Present | Z7: Present | AA7: Present | AB7: Present | AC7: Present | AD7: Present | AE7: Escape | AF7: Escape | AG7: Escape | AH7: Escape | AI7: Discontinue | AJ7: =COUNTIF(E7:AI7, "Present") -> 24 | AK7: =COUNTIF(E7:AI7, "Escape") -> 5 | AL7: =COUNTIF(F7:AJ7, "Absent") -> 1 | AN7: Class 7 | AO7: =SUM(AJ25:AL25) -> 31
A9: Elena Gilbert | B9: 5 | C9: A | D9: Science | E9: Present | F9: Present | G9: Present | H9: Present | I9: Present | J9: Present | K9: Present | L9: Present | M9: Present | N9: Present | O9: Present | P9: Present | Q9: Present | R9: Present | S9: Present | T9: Present | U9: Escape | V9: Present | W9: Present | X9: Present | Y9: Present | Z9: Present | AA9: Present | AB9: Present | AC9: Present | AD9: Escape | AE9: Present | AF9: Present | AG9: Present | AH9: Absent | AI9: Escape | AJ9: =COUNTIF(E9:AI9, "Present") -> 27 | AK9: =COUNTIF(E9:AI9, "Escape") -> 3 | AL9: =COUNTIF(F9:AJ9, "Absent") -> 1
A10: Marcus Thorne | B10: 5 | C10: B | D10: Science | E10: Present | F10: Present | G10: Present | H10: Present | I10: Present | J10: Present | K10: Present | L10: Present | M10: Absent | N10: Present | O10: Present | P10: Present | Q10: Present | R10: Present | S10: Present | T10: Present | U10: Present | V10: Present | W10: Present | X10: Present | Y10: Present | Z10: Present | AA10: Present | AB10: Present | AC10: Escape | AD10: Escape | AE10: Escape | AF10: Present | AG10: Present | AH10: Absent | AI10: Present | AJ10: =COUNTIF(E10:AI10, "Present") -> 26 | AK10: =COUNTIF(E10:AI10, "Escape") -> 3 | AL10: =COUNTIF(F10:AJ10, "Absent") -> 2
A11: Ivy Watson | B11: 5 | C11: A | D11: Science | E11: Present | F11: Present | G11: Present | H11: Absent | I11: Present | J11: Present | K11: Present | L11: Present | M11: Absent | N11: Present | O11: Present | P11: Present | Q11: Absent | R11: Present | S11: Present | T11: Present | U11: Present | V11: Present | W11: Present | X11: Present | Y11: Present | Z11: Present | AA11: Absent | AB11: Present | AC11: Present | AD11: Absent | AE11: Present | AF11: Present | AG11: Escape | AH11: Present | AI11: Present | AJ11: =COUNTIF(E11:AI11, "Present") -> 25 | AK11: =COUNTIF(E11:AI11, "Escape") -> 1 | AL11: =COUNTIF(F11:AJ11, "Absent") -> 5
A12: Oscar Wilde | B12: 5 | C12: B | D12: Science | E12: Absent | F12: Present | G12: Present | H12: Present | I12: Present | J12: Escape | K12: Present | L12: Present | M12: Present | N12: Present | O12: Present | P12: Present | Q12: Present | R12: Present | S12: Present | T12: Present | U12: Present | V12: Present | W12: Present | X12: Present | Y12: Present | Z12: Present | AA12: Present | AB12: Present | AC12: Discontinue | AJ12: =COUNTIF(E12:AI12, "Present") -> 22 | AK12: =COUNTIF(E12:AI12, "Escape") -> 1 | AL12: =COUNTIF(F12:AJ12, "Absent") -> 0
A13: Nina Simone | B13: 5 | C13: A | D13: Science | E13: Present | F13: Present | G13: Present | H13: Present | I13: Present | J13: Present | K13: Present | L13: Present | M13: Escape | N13: Present | O13: Present | P13: Absent | Q13: Present | R13: Present | S13: Present | T13: Present | U13: Present | V13: Present | W13: Present | X13: Present | Y13: Present | Z13: Present | AA13: Present | AB13: Present | AC13: Present | AD13: Present | AE13: Escape | AF13: Escape | AG13: Escape | AH13: Escape | AI13: Discontinue | AJ13: =COUNTIF(E13:AI13, "Present") -> 24 | AK13: =COUNTIF(E13:AI13, "Escape") -> 5 | AL13: =COUNTIF(F13:AJ13, "Absent") -> 1
A14: Ryan Cooper | B14: 6 | C14: A | D14: Science
A16: Maya Angelou | B16: 6 | C16: B | D16: Social | E16: Present | F16: Present | G16: Present | H16: Present | I16: Present | J16: Present | K16: Present | L16: Present | M16: Present | N16: Present | O16: Present | P16: Present | Q16: Present | R16: Present | S16: Present | T16: Present | U16: Escape | V16: Present | W16: Present | X16: Present | Y16: Present | Z16: Present | AA16: Present | AB16: Present | AC16: Present | AD16: Escape | AE16: Present | AF16: Present | AG16: Present | AH16: Absent | AI16: Escape | AJ16: =COUNTIF(E16:AI16, "Present") -> 27 | AK16: =COUNTIF(E16:AI16, "Escape") -> 3 | AL16: =COUNTIF(F16:AJ16, "Absent") -> 1
A17: Felix Lighter | B17: 6 | C17: C | D17: Social | E17: Present | F17: Present | G17: Present | H17: Present | I17: Present | J17: Present | K17: Present | L17: Present | M17: Absent | N17: Present | O17: Present | P17: Present | Q17: Present | R17: Present | S17: Present | T17: Present | U17: Present | V17: Present | W17: Present | X17: Present | Y17: Present | Z17: Present | AA17: Present | AB17: Present | AC17: Escape | AD17: Escape | AE17: Escape | AF17: Present | AG17: Present | AH17: Absent | AI17: Present | AJ17: =COUNTIF(E17:AI17, "Present") -> 26 | AK17: =COUNTIF(E17:AI17, "Escape") -> 3 | AL17: =COUNTIF(F17:AJ17, "Absent") -> 2
A18: Sienna Miller | B18: 6 | C18: A | D18: Social | E18: Present | F18: Present | G18: Present | H18: Absent | I18: Present | J18: Present | K18: Present | L18: Present | M18: Absent | N18: Present | O18: Present | P18: Present | Q18: Absent | R18: Present | S18: Present | T18: Present | U18: Present | V18: Present | W18: Present | X18: Present | Y18: Present | Z18: Present | AA18: Absent | AB18: Present | AC18: Present | AD18: Absent | AE18: Present | AF18: Present | AG18: Escape | AH18: Present | AI18: Present | AJ18: =COUNTIF(E18:AI18, "Present") -> 25 | AK18: =COUNTIF(E18:AI18, "Escape") -> 1 | AL18: =COUNTIF(F18:AJ18, "Absent") -> 5
A19: Victor Hugo | B19: 6 | C19: B | D19: Social | E19: Absent | F19: Present | G19: Present | H19: Present | I19: Present | J19: Escape | K19: Present | L19: Present | M19: Present | N19: Present | O19: Present | P19: Present | Q19: Present | R19: Present | S19: Present | T19: Present | U19: Present | V19: Present | W19: Present | X19: Present | Y19: Present | Z19: Present | AA19: Present | AB19: Present | AC19: Present | AD19: Present | AE19: Present | AF19: Present | AG19: Present | AH19: Present | AI19: Present | AJ19: =COUNTIF(E19:AI19, "Present") -> 29 | AK19: =COUNTIF(E19:AI19, "Escape") -> 1 | AL19: =COUNTIF(F19:AJ19, "Absent") -> 0
A20: Diana Prince | B20: 6 | C20: C | D20: Social | E20: Present | F20: Present | G20: Present | H20: Present | I20: Present | J20: Present | K20: Present | L20: Present | M20: Escape | N20: Present | O20: Present | P20: Absent | Q20: Present | R20: Present | S20: Present | T20: Present | U20: Present | V20: Present | W20: Present | X20: Present | Y20: Present | Z20: Present | AA20: Present | AB20: Present | AC20: Present | AD20: Present | AE20: Escape | AF20: Escape | AG20: Escape | AH20: Escape | AI20: Discontinue | AJ20: =COUNTIF(E20:AI20, "Present") -> 24 | AK20: =COUNTIF(E20:AI20, "Escape") -> 5 | AL20: =COUNTIF(F20:AJ20, "Absent") -> 1
A21: Peter Parker | B21: 6 | C21: A | D21: Social | E21: Present | F21: Present | G21: Present | H21: Present | I21: Present | J21: Present | K21: Present | L21: Present | M21: Escape | N21: Present | O21: Present | P21: Absent | Q21: Present | R21: Present | S21: Present | T21: Present | U21: Present | V21: Present | W21: Present | X21: Present | Y21: Present | Z21: Present | AA21: Present | AB21: Present | AC21: Present | AD21: Absent | AE21: Escape | AF21: Escape | AG21: Escape | AH21: Escape | AI21: Discontinue | AJ21: =COUNTIF(E21:AI21, "Present") -> 23 | AK21: =COUNTIF(E21:AI21, "Escape") -> 5 | AL21: =COUNTIF(F21:AJ21, "Absent") -> 2
A23: Lara Croft | B23: 7 | C23: A | D23: English | E23: Present | F23: Present | G23: Present | H23: Present | I23: Present | J23: Present | K23: Present | L23: Present | M23: Absent | N23: Present | O23: Present | P23: Present | Q23: Present | R23: Present | S23: Present | T23: Present | U23: Present | V23: Present | W23: Present | X23: Present | Y23: Present | Z23: Present | AA23: Present | AB23: Present | AC23: Present | AD23: Escape | AE23: Escape | AF23: Present | AG23: Present | AH23: Absent | AI23: Present | AJ23: =COUNTIF(E23:AI23, "Present") -> 27 | AK23: =COUNTIF(E23:AI23, "Escape") -> 2 | AL23: =COUNTIF(F23:AJ23, "Absent") -> 2
A24: Bruce Wayne | B24: 7 | C24: B | D24: English | E24: Present | F24: Present | G24: Present | H24: Absent | I24: Present | J24: Present | K24: Present | L24: Present | M24: Absent | N24: Present | O24: Present | P24: Present | Q24: Absent | R24: Present | S24: Present | T24: Present | U24: Present | V24: Present | W24: Present | X24: Present | Y24: Present | Z24: Present | AA24: Absent | AB24: Present | AC24: Present | AD24: Absent | AE24: Present | AF24: Escape | AG24: Escape | AH24: Present | AI24: Present | AJ24: =COUNTIF(E24:AI24, "Present") -> 24 | AK24: =COUNTIF(E24:AI24, "Escape") -> 2 | AL24: =COUNTIF(F24:AJ24, "Absent") -> 5
A25: Clark Kent | B25: 7 | C25: C | D25: English | E25: Present | F25: Present | G25: Present | H25: Present | I25: Present | J25: Present | K25: Present | L25: Present | M25: Absent | N25: Present | O25: Present | P25: Present | Q25: Present | R25: Present | S25: Present | T25: Present | U25: Present | V25: Present | W25: Present | X25: Present | Y25: Present | Z25: Present | AA25: Present | AB25: Present | AC25: Escape | AD25: Escape | AE25: Escape | AF25: Present | AG25: Present | AH25: Absent | AI25: Present | AJ25: =COUNTIF(E25:AI25, "Present") -> 26 | AK25: =COUNTIF(E25:AI25, "Escape") -> 3 | AL25: =COUNTIF(F25:AJ25, "Absent") -> 2
A26: Diana Ross | B26: 7 | C26: A | D26: English | E26: Present | F26: Present | G26: Present | H26: Absent | I26: Present | J26: Present | K26: Present | L26: Present | M26: Absent | N26: Present | O26: Present | P26: Present | Q26: Absent | R26: Present | S26: Present | T26: Present | U26: Present | V26: Present | W26: Present | X26: Present | Y26: Present | Z26: Present | AA26: Absent | AB26: Present | AC26: Present | AD26: Present | AE26: Present | AF26: Present | AG26: Escape | AH26: Present | AI26: Present | AJ26: =COUNTIF(E26:AI26, "Present") -> 26 | AK26: =COUNTIF(E26:AI26, "Escape") -> 1 | AL26: =COUNTIF(F26:AJ26, "Absent") -> 4
A27: Arthur Curry | B27: 7 | C27: B | D27: English | E27: Present | F27: Present | G27: Present | H27: Present | I27: Present | J27: Present | K27: Present | L27: Present | M27: Absent | N27: Present | O27: Present | P27: Present | Q27: Present | R27: Present | S27: Present | T27: Present | U27: Present | V27: Present | W27: Present | X27: Present | Y27: Present | Z27: Present | AA27: Present | AB27: Present | AC27: Escape | AD27: Escape | AE27: Escape | AF27: Present | AG27: Present | AH27: Absent | AI27: Discontinue | AJ27: =COUNTIF(E27:AI27, "Present") -> 25 | AK27: =COUNTIF(E27:AI27, "Escape") -> 3 | AL27: =COUNTIF(F27:AJ27, "Absent") -> 2
A28: Selina Kyle | B28: 7 | C28: C | D28: English | E28: Present | F28: Present | G28: Present | H28: Absent | I28: Present | J28: Present | K28: Present | L28: Present | M28: Absent | N28: Present | O28: Present | P28: Present | Q28: Absent | R28: Present | S28: Present | T28: Present | U28: Present | V28: Present | W28: Present | X28: Present | Y28: Present | Z28: Present | AA28: Absent | AB28: Present | AC28: Present | AD28: Absent | AE28: Present | AF28: Present | AG28: Escape | AH28: Present | AI28: Present | AJ28: =COUNTIF(E28:AI28, "Present") -> 25 | AK28: =COUNTIF(E28:AI28, "Escape") -> 1 | AL28: =COUNTIF(F28:AJ28, "Absent") -> 5
A31: Lists
A32: Present
A33: Absent
A34: Escape
A35: Discontinue

Sheet What's Happening  
A1: Date | B1: Class Four | C1: Class Five | D1: Class Six | E1: Class Seven
B2: Math | C2: Science | D2: Social | E2: English
A3: 45658 | B3: Introduction to Classes | C3: Introduction to Classes | D3: Introduction to Classes | E3: Introduction to Classes
A4: 45659 | B4: Basic Addition & Subtraction | C4: Basic Addition & Subtraction | D4: Basic Addition & Subtraction | E4: Basic Addition & Subtraction
A5: 45660 | B5: Holiday | C5: Holiday | D5: Holiday | E5: Holiday
A6: 45661 | B6: Our Local Neighborhood | C6: Our Local Neighborhood | D6: Our Local Neighborhood | E6: Our Local Neighborhood
A7: 45662 | B7: Saturday | C7: Saturday | D7: Sunday | E7: Monday
A8: 45663 | B8: Nouns and Pronouns | C8: Nouns and Pronouns | D8: Nouns and Pronouns | E8: Nouns and Pronouns
A9: 45664 | B9: No Class | C9: No Class | D9: No Class | E9: No Class
A10: 45665 | B10: Plant Life Cycles | C10: Plant Life Cycles | D10: Plant Life Cycles | E10: Plant Life Cycles
A11: 45666 | B11: Types of Rocks | C11: Types of Rocks | D11: Types of Rocks | E11: Types of Rocks
A12: 45667 | B12: Holiday | C12: Holiday | D12: Holiday | E12: Holiday
A13: 45668 | B13: Reading Comprehension | C13: Reading Comprehension | D13: Reading Comprehension | E13: Reading Comprehension
A14: 45669 | B14: Saturday | C14: Saturday | D14: Sunday | E14: Monday
A15: 45670 | B15: Solar System Exploration | C15: Solar System Exploration | D15: Solar System Exploration | E15: Solar System Exploration
A16: 45671 | B16: {=_xlfn.XLOOKUP($A$16,'What''s Happening '!$A$3:$A$1048576,_xlfn.XLOOKUP('Know Your Student'!$C$9,'What''s Happening '!$B$2:$E$2,'What''s Happening '!B3:E1048576))} -> Ancient Egypt Studies | D16: Ancient Egypt Studies | E16: Ancient Egypt Studies
A17: 45672 | B17: No Class | C17: No Class | D17: No Class | E17: No Class
A18: 45673 | B18: Introduction to Ratios | C18: Introduction to Ratios | D18: Introduction to Ratios | E18: Introduction to Ratios
A19: 45674 | B19: Holiday | C19: Holiday | D19: Holiday | E19: Holiday
A20: 45675 | B20: Digestive System Basics | C20: Digestive System Basics | D20: Digestive System Basics | E20: Digestive System Basics
A21: 45676 | B21: Story Writing Workshop | C21: Story Writing Workshop | D21: Story Writing Workshop | E21: Story Writing Workshop
A22: 45677 | B22: Saturday | C22: Saturday | D22: Sunday | E22: Monday
A23: 45678 | B23: Equations and Variables | C23: Equations and Variables | D23: Equations and Variables | E23: Equations and Variables
A24: 45679 | B24: No Class | C24: No Class | D24: No Class | E24: No Class
A25: 45680 | B25: World Maps & Globes | C25: World Maps & Globes | D25: World Maps & Globes | E25: World Maps & Globes
A26: 45681 | B26: Holiday | C26: Holiday | D26: Holiday | E26: Holiday
A27: 45682 | B27: Digestive System Basics | C27: Digestive System Basics | D27: Digestive System Basics | E27: Digestive System Basics
A28: 45683 | B28: Story Writing Workshop | C28: Story Writing Workshop | D28: Story Writing Workshop | E28: Story Writing Workshop
... A33: 45688 | B33: Algebra | C33: Heat and Energy Questions | D33: Story Writing Workshop | E33: Story Writing Workshop

Sheet Classr Routine
A1: Remedial Class Record
A2: Effective from 2026-02-9
A3: Day | B3: Time Slot | C3: Grade 4 | D3: Grade 5 | E3: Grade 6 | F3: Grade 7
A4: Sunday | B4: 05:40 - 06:40 PM | C4: Math | D4: Science | E4: Social | F4: English
C5: Mr. Peterson | D5: Dr. Aris | E5: Mrs. Curie | F5: Mr. Shakespeare
A6: Monday | B6: 05:40 - 06:40 PM | C6: Math | D6: Science | E6: Social | F6: English
C7: Mr. Peterson | D7: Dr. Aris | E7: Mrs. Curie | F7: Mr. Shakespeare
A8: Tuesday | B8: 05:40 - 06:40 PM | C8: Math | D8: Science | E8: Social | F8: English
C9: Mr. Peterson | D9: Dr. Aris | E9: Mrs. Curie | F9: Mr. Shakespeare
A10: Wednesday | B10: 05:40 - 06:40 PM | C10: Math | D10: Science | E10: Social | F10: English
C11: Mr. Peterson | D11: Dr. Aris | E11: Mrs. Curie | F11: Mr. Shakespeare
A12: Thursday | B12: 05:40 - 06:40 PM | C12: Math | D12: Science | E12: Social | F12: English
C13: Mr. Peterson | D13: Dr. Aris | E13: Mrs. Curie | F13: Mr. Shakespeare
A14: Friday | B14: 05:40 - 06:40 PM | C14: Math | D14: Science | E14: Social | F14: English
C15: Mr. Peterson | D15: Dr. Aris | E15: Mrs. Curie | F15: Mr. Shakespeare

Sheet Exams
A1: Students Name | B1: Class | C1: Section | D1: Subject | E1: =TODAY() -> 46042
E2: Full Marks | F2: Pass Marks | G2: Obtained Marks | H2: Remarks
A3: Arjun Mehta | B3: 4 | C3: A | D3: Math | E3: 30 | F3: 10.5 | G3: =RANDBETWEEN(1, 29) -> 10 | H3: =IF(G3>=25,"Outstanding",IF(G3>=15,"Excellence",IF(G3>=10.5,"Satisfactory","NG"))) -> NG
A4: Sara Jenkins | B4: 4 | C4: B | D4: Math | E4: 30 | F4: 10.5 | G4: =RANDBETWEEN(1, 29) -> 27 | H4: =IF(G4>=25,"Outstanding",IF(G4>=15,"Excellence",IF(G4>=10.5,"Satisfactory","NG"))) -> Outstanding
A5: Leo Maxwell | B5: 4 | C5: A | D5: Math | E5: 30 | F5: 10.5 | G5: =RANDBETWEEN(1, 29) -> 21 | H5: =IF(G5>=25,"Outstanding",IF(G5>=15,"Excellence",IF(G5>=10.5,"Satisfactory","NG"))) -> Excellence
A6: Zoe Rivera | B6: 4 | C6: B | D6: Math | E6: 30 | F6: 10.5 | G6: =RANDBETWEEN(1, 29) -> 12 | H6: =IF(G6>=25,"Outstanding",IF(G6>=15,"Excellence",IF(G6>=10.5,"Satisfactory","NG"))) -> Satisfactory
A7: Kevin Vance | B7: 4 | C7: A | D7: Math | E7: 30 | F7: 10.5 | G7: =RANDBETWEEN(1, 29) -> 5 | H7: =IF(G7>=25,"Outstanding",IF(G7>=15,"Excellence",IF(G7>=10.5,"Satisfactory","NG"))) -> NG
A9: Elena Gilbert | B9: 5 | C9: A | D9: Science | E9: 30 | F9: 10.5 | G9: =RANDBETWEEN(1, 29) -> 15 | H9: =IF(G9>=25,"Outstanding",IF(G9>=15,"Excellence",IF(G9>=10.5,"Satisfactory","NG"))) -> Excellence
A10: Marcus Thorne | B10: 5 | C10: B | D10: Science | E10: 30 | F10: 10.5 | G10: =RANDBETWEEN(1, 29) -> 27 | H10: =IF(G10>=25,"Outstanding",IF(G10>=15,"Excellence",IF(G10>=10.5,"Satisfactory","NG"))) -> Outstanding
A11: Ivy Watson | B11: 5 | C11: A | D11: Science | E11: 30 | F11: 10.5 | G11: =RANDBETWEEN(1, 29) -> 26 | H11: =IF(G11>=25,"Outstanding",IF(G11>=15,"Excellence",IF(G11>=10.5,"Satisfactory","NG"))) -> Outstanding
A12: Oscar Wilde | B12: 5 | C12: B | D12: Science | E12: 30 | F12: 10.5 | G12: =RANDBETWEEN(1, 29) -> 28 | H12: =IF(G12>=25,"Outstanding",IF(G12>=15,"Excellence",IF(G12>=10.5,"Satisfactory","NG"))) -> Outstanding
A13: Nina Simone | B13: 5 | C13: A | D13: Science | E13: 30 | F13: 10.5 | G13: =RANDBETWEEN(1, 29) -> 20 | H13: =IF(G13>=25,"Outstanding",IF(G13>=15,"Excellence",IF(G13>=10.5,"Satisfactory","NG"))) -> Excellence
A14: Ryan Cooper | B14: 6 | C14: A | D14: Science | E14: 30 | F14: 10.5 | G14: =RANDBETWEEN(1, 29) -> 11 | H14: =IF(G14>=25,"Outstanding",IF(G14>=15,"Excellence",IF(G14>=10.5,"Satisfactory","NG"))) -> Satisfactory
A16: Maya Angelou | B16: 6 | C16: B | D16: Social | E16: 30 | F16: 10.5 | G16: =RANDBETWEEN(1, 29) -> 28 | H16: =IF(G16>=25,"Outstanding",IF(G16>=15,"Excellence",IF(G16>=10.5,"Satisfactory","NG"))) -> Outstanding
... A28: Selina Kyle | B28: 7 | C28: C | D28: English | E28: 30 | F28: 10.5 | G28: =RANDBETWEEN(1, 29) -> 28 | H28: =IF(G28>=25,"Outstanding",IF(G28>=15,"Excellence",IF(G28>=10.5,"Satisfactory","NG"))) -> Outstanding

Sheet New Students Record
A1: S.N | B1: Students Name | C1: Class | D1: Section | E1: Subject | F1: Parents Call | G1: Approve | H1: Remarks
A2: 1 | B2: Alex Johnson | C2: 4 | D2: B | E2: Math | F2: 46047 | G2: Approved | H2: will join from 02-15 | Q2: Approved
A3: 2 | B3: Maria Garcia | C3: 4 | D3: A | E3: Math | F3: 46047 | G3: Approved | H3: will join from 02-16 | Q3: Not Approved
A4: 3 | B4: Liam Smith | C4: 4 | D4: B | E4: Math | F4: 46047 | G4: Not Approved | H4: tution class
A5: 4 | B5: Chloe Chen | C5: 5 | D5: A | E5: Science | F5: 46047 | G5: Not Approved | H5: bus issue
A6: 5 | B6: Omar Syed | C6: 5 | D6: B | E6: Science | F6: 46047 | G6: Approved | H6: will join from 02-15
A7: 6 | B7: Sarah Cook | C7: 5 | D7: A | E7: Science | F7: 46047 | G7: Approved | H7: will join from 02-15
A8: 7 | B8: James Wilson | C8: 7 | D8: A | E8: English | F8: 46047 | G8: Approved | H8: will join from 02-15
A9: 8 | B9: Elena Rossi | C9: 7 | D9: B | E9: English | F9: 46047 | G9: Approved | H9: will join from 02-15
A10: 9 | B10: David Park | C10: 7 | D10: C | E10: English | F10: 46047 | G10: Approved | H10: will join from 02-15
A11: 10 | B11: Priya Devi | C11: 6 | D11: C | E11: Social | F11: 46047 | G11: Approved | H11: will join from 02-15

Sheet Exit Students Record
A1: S.N | B1: Students Name | C1: Class | D1: Section | E1: Subject | F1: Call Date | G1: Response
A2: 1 | B2: Kevin Vance | C2: 4 | D2: A | E2: Math | F2: 46046 | G2: ok
A3: 2 | B3: Nina Simone | C3: 5 | D3: A | E3: Science | F3: 46046 | G3: ok
A4: 3 | B4: Sienna Miller | C4: 6 | D4: A | E4: Social | F4: 46046 | G4: ok
A5: 4 | B5: Victor Hugo | C5: 6 | D5: B | E5: Social | F5: 46046 | G5: ok
A6: 5 | B6: Arthur Curry | C6: 7 | D6: B | E6: English | F6: 46046 | G6: ok
A7: 6 | B7: Selina Kyle | C7: 7 | D7: C | E7: English | F7: 46046 | G7: ok
